id,student_id,competency_id,status,timetable
1,1,1,2,
2,1,2,2,
3,1,3,2,
4,1,4,2,
5,1,5,2,
6,1,6,2,
7,1,7,2,
8,1,8,2,
9,1,9,2,
10,1,10,2,
11,1,11,2,
12,1,12,2,
13,1,13,2,
14,1,14,2,
15,1,15,2,
16,1,16,2,
17,1,21,2,
18,1,22,2,
19,1,23,2,
20,2,1,2,
21,2,2,2,
22,2,3,2,
23,2,4,2,
24,2,5,2,
25,2,6,2,
26,2,7,2,
27,2,8,2,
28,2,9,2,
29,2,10,2,
30,2,11,2,
31,2,12,2,
32,2,13,2,
33,2,14,2,
34,2,15,2,
35,2,16,2,
36,2,21,2,
37,2,22,2,
38,2,23,2,
39,3,1,2,
40,3,2,2,
41,3,3,2,
42,3,4,2,
43,3,5,2,
44,3,6,2,
45,3,7,2,
46,3,8,2,
47,3,9,2,
48,3,10,2,
49,3,11,2,
50,3,12,2,
51,3,13,2,
52,3,14,2,
53,3,15,2,
54,3,16,2,
55,3,19,2,
56,3,20,2,
57,3,21,2,
58,3,22,2,
59,3,23,2,
60,3,24,2,
61,3,25,2,
62,3,26,2,
63,3,28,2,
64,3,29,2,
65,3,30,2,
66,3,31,2,
67,3,32,2,
68,3,33,2,
69,3,34,2,
70,3,35,2,
71,3,36,2,
72,3,37,2,
73,3,38,2,
74,3,39,2,
75,3,40,2,
76,3,41,2,
77,3,44,2,
78,3,45,2,
79,3,49,2,
80,3,50,2,
81,3,53,2,
82,3,54,2,
83,3,55,2,
84,3,56,2,
85,3,57,2,
86,4,1,2,
87,4,2,2,
88,4,3,2,
89,4,4,2,
90,4,5,2,
91,4,6,2,
92,4,7,2,
93,4,8,2,
94,4,9,2,
95,4,10,2,
96,4,11,2,
97,4,12,2,
98,4,13,2,
99,4,14,2,
100,4,15,2,
101,4,16,2,
102,4,21,2,
103,4,22,2,
104,5,1,2,
105,5,2,2,
106,5,3,2,
107,5,4,2,
108,5,5,2,
109,5,6,2,
110,5,7,2,
111,5,8,2,
112,5,9,2,
113,5,10,2,
114,5,11,2,
115,5,12,2,
116,5,13,2,
117,5,14,2,
118,5,15,2,
119,5,16,2,
120,5,21,2,
121,5,22,2,
122,5,23,2,
123,6,1,2,
124,6,2,2,
125,6,3,2,
126,6,4,2,
127,6,5,2,
128,6,6,2,
129,6,7,2,
130,6,8,2,
131,6,9,2,
132,6,10,2,
133,6,11,2,
134,6,12,2,
135,6,13,2,
136,6,14,2,
137,6,15,2,
138,6,16,2,
139,6,17,2,
140,6,18,2,
141,7,1,2,
142,7,2,2,
143,7,3,2,
144,7,4,2,
145,7,5,2,
146,7,6,2,
147,7,7,2,
148,7,8,2,
149,7,9,2,
150,7,10,2,
151,7,11,2,
152,7,12,2,
153,7,13,2,
154,7,14,2,
155,7,15,2,
156,7,16,2,
157,7,17,2,
158,7,18,2,
159,7,19,2,
160,7,20,2,
161,7,21,2,
162,7,22,2,
163,7,23,2,
164,7,24,2,
165,7,25,2,
166,7,26,2,
167,7,27,2,1
168,7,28,2,
169,7,29,2,
170,7,30,2,
171,7,31,2,
172,7,32,2,
173,7,33,2,
174,7,34,2,
175,7,35,2,
176,7,36,2,
177,7,37,2,
178,7,38,2,
179,7,39,2,
180,7,40,2,
181,7,41,2,
182,7,44,2,
183,7,45,2,
184,7,49,2,
185,7,50,2,
186,7,53,2,
187,7,54,2,
188,7,55,2,
189,7,56,2,
190,7,57,2,
191,8,1,2,
192,8,2,2,
193,8,3,2,
194,8,4,2,
195,8,5,2,
196,8,6,2,
197,8,7,2,
198,8,8,2,
199,8,9,2,
200,8,10,2,
201,8,11,2,
202,8,12,2,
203,8,13,2,
204,8,14,2,
205,8,15,2,
206,8,16,2,
207,8,17,2,
208,8,18,2,
209,8,19,2,
210,8,20,2,
211,8,21,2,
212,8,22,2,
213,8,23,2,
214,8,24,2,
215,8,25,2,
216,8,26,2,
217,8,27,2,1
218,8,28,2,
219,8,29,2,
220,8,30,2,
221,8,31,2,
222,8,32,2,
223,8,33,2,
224,8,34,2,
225,8,35,2,
226,8,36,2,
227,8,37,2,
228,8,38,2,
229,8,39,2,
230,8,40,2,
231,8,41,2,
232,8,44,2,
233,8,45,2,
234,8,49,2,
235,8,50,2,
236,8,53,2,
237,8,54,2,
238,8,55,2,
239,8,56,2,
240,8,57,2,
241,9,1,2,
242,9,2,2,
243,9,3,2,
244,9,4,2,
245,9,5,2,
246,9,6,2,
247,9,7,2,
248,9,8,2,
249,9,9,2,
250,9,10,2,
251,9,11,2,
252,9,12,2,
253,9,13,2,
254,9,14,2,
255,9,15,2,
256,9,16,2,
257,9,17,2,
258,9,18,2,
259,9,19,2,
260,9,20,2,
261,9,21,2,
262,9,22,2,
263,9,23,2,
264,9,24,2,
265,9,25,2,
266,9,26,2,
267,9,27,2,1
268,9,28,2,
269,9,29,2,
270,9,30,2,
271,9,31,2,
272,9,32,2,
273,9,33,2,
274,9,34,2,
275,9,35,2,
276,9,36,2,
277,9,37,2,
278,9,38,2,
279,9,39,2,
280,9,40,2,
281,9,41,2,
282,9,44,2,
283,9,45,2,
284,9,49,2,
285,9,50,2,
286,9,53,2,
287,9,54,2,
288,9,55,2,
289,9,56,2,
290,9,57,2,
291,10,1,2,
292,10,2,2,
293,10,3,2,
294,10,4,2,
295,10,5,2,
296,10,6,2,
297,10,7,2,
298,10,8,2,
299,10,9,2,
300,10,10,2,
301,10,11,2,
302,10,12,2,
303,10,13,2,
304,10,14,2,
305,10,15,2,
306,10,16,2,
307,10,17,2,
308,10,18,2,
309,10,19,2,
310,10,20,2,
311,10,21,2,
312,10,22,2,
313,10,23,2,
314,10,24,2,
315,10,25,2,
316,10,26,2,
317,10,27,2,1
318,10,28,2,
319,10,29,2,
320,10,30,2,
321,10,31,2,
322,10,32,2,
323,10,33,2,
324,10,34,2,
325,10,35,2,
326,10,36,2,
327,10,37,2,
328,10,38,2,
329,10,39,2,
330,10,40,2,
331,10,41,2,
332,10,44,2,
333,10,45,2,
334,10,49,2,
335,10,50,2,
336,10,53,2,
337,10,54,2,
338,10,55,2,
339,10,56,2,
340,10,57,2,
341,11,1,2,
342,11,2,2,
343,11,3,2,
344,11,4,2,
345,11,5,2,
346,11,6,2,
347,11,7,2,
348,11,8,2,
349,11,9,2,
350,11,10,2,
351,11,11,2,
352,11,12,2,
353,11,13,2,
354,11,14,2,
355,11,15,2,
356,11,16,2,
357,11,17,2,
358,11,18,2,
359,11,19,2,
360,11,20,2,
361,11,21,2,
362,11,22,2,
363,11,23,2,
364,11,24,2,
365,11,25,2,
366,11,26,2,
367,11,27,2,1
368,11,28,2,
369,11,29,2,
370,11,30,2,
371,11,31,2,
372,11,32,2,
373,11,33,2,
374,11,34,2,
375,11,35,2,
376,11,36,2,
377,11,37,2,
378,11,38,2,
379,11,39,2,
380,11,40,2,
381,11,41,2,
382,11,44,2,
383,11,45,2,
384,11,49,2,
385,11,50,2,
386,11,53,2,
387,11,54,2,
388,11,55,2,
389,11,56,2,
390,11,57,2,
391,12,1,2,
392,12,2,2,
393,12,3,2,
394,12,4,2,
395,12,5,2,
396,12,6,2,
397,12,7,2,
398,12,8,2,
399,12,9,2,
400,12,10,2,
401,12,11,2,
402,12,12,2,
403,12,13,2,
404,12,14,2,
405,12,15,2,
406,12,16,2,
407,12,17,2,
408,12,18,2,
409,12,19,2,
410,12,20,2,
411,12,21,2,
412,12,22,2,
413,12,23,2,
414,12,24,2,
415,12,25,2,
416,12,26,2,
417,12,27,2,1
418,12,28,2,
419,12,29,2,
420,12,30,2,
421,12,31,2,
422,12,32,2,
423,12,33,2,
424,12,34,2,
425,12,35,2,
426,12,36,2,
427,12,37,2,
428,12,38,2,
429,12,39,2,
430,12,40,2,
431,12,41,2,
432,12,44,2,
433,12,45,2,
434,12,49,2,
435,12,50,2,
436,12,53,2,
437,12,54,2,
438,12,55,2,
439,12,56,2,
440,12,57,2,
441,13,1,2,
442,13,2,2,
443,13,3,2,
444,13,4,2,
445,13,5,2,
446,13,6,2,
447,13,7,2,
448,13,8,2,
449,13,9,2,
450,13,10,2,
451,13,11,2,
452,13,12,2,
453,13,13,2,
454,13,14,2,
455,13,15,2,
456,13,16,2,
457,13,17,2,
458,13,18,2,
459,13,19,2,
460,13,20,2,
461,13,21,2,
462,13,22,2,
463,13,23,2,
464,13,24,2,
465,13,25,2,
466,13,26,2,
467,13,27,2,1
468,13,28,2,
469,13,29,2,
470,13,30,2,
471,13,31,2,
472,13,32,2,
473,13,33,2,
474,13,34,2,
475,13,35,2,
476,13,36,2,
477,13,37,2,
478,13,38,2,
479,13,39,2,
480,13,40,2,
481,13,41,2,
482,13,44,2,
483,13,45,2,
484,13,49,2,
485,13,50,2,
486,13,53,2,
487,13,54,2,
488,13,55,2,
489,13,56,2,
490,13,57,2,
491,14,1,2,
492,14,2,2,
493,14,3,2,
494,14,4,2,
495,14,5,2,
496,14,6,2,
497,14,7,2,
498,14,8,2,
499,14,9,2,
500,14,10,2,
501,14,11,2,
502,14,12,2,
503,14,13,2,
504,14,14,2,
505,14,15,2,
506,14,16,2,
507,14,17,2,
508,14,18,2,
509,14,19,2,
510,14,20,2,
511,14,21,2,
512,14,22,2,
513,14,23,2,
514,14,24,2,
515,14,25,2,
516,14,26,2,
517,14,27,2,1
518,14,28,2,
519,14,29,2,
520,14,30,2,
521,14,31,2,
522,14,32,2,
523,14,33,2,
524,14,34,2,
525,14,35,2,
526,14,36,2,
527,14,37,2,
528,14,38,2,
529,14,39,2,
530,14,40,2,
531,14,41,2,
532,14,44,2,
533,14,45,2,
534,14,49,2,
535,14,50,2,
536,14,53,2,
537,14,54,2,
538,14,55,2,
539,14,56,2,
540,14,57,2,
541,15,1,2,
542,15,2,2,
543,15,3,2,
544,15,4,2,
545,15,5,2,
546,15,6,2,
547,15,7,2,
548,15,8,2,
549,15,9,2,
550,15,10,2,
551,15,11,2,
552,15,12,2,
553,15,13,2,
554,15,14,2,
555,15,15,2,
556,15,16,2,
557,15,17,2,
558,15,18,2,
559,15,19,2,
560,15,20,2,
561,15,21,2,
562,15,22,2,
563,15,23,2,
564,15,24,2,
565,15,25,2,
566,15,26,2,
567,15,27,2,1
568,15,28,2,
569,15,29,2,
570,15,30,2,
571,15,31,2,
572,15,32,2,
573,15,33,2,
574,15,34,2,
575,15,35,2,
576,15,36,2,
577,15,37,2,
578,15,38,2,
579,15,39,2,
580,15,40,2,
581,15,41,2,
582,15,44,2,
583,15,45,2,
584,15,49,2,
585,15,50,2,
586,15,53,2,
587,15,54,2,
588,15,55,2,
589,15,56,2,
590,15,57,2,
591,16,1,2,
592,16,2,2,
593,16,3,2,
594,16,4,2,
595,16,5,2,
596,16,6,2,
597,16,7,2,
598,16,8,2,
599,16,9,2,
600,16,10,2,
601,16,11,2,
602,16,12,2,
603,16,13,2,
604,16,14,2,
605,16,15,2,
606,16,16,2,
607,16,17,2,
608,16,18,2,
609,16,19,2,
610,16,20,2,
611,16,21,2,
612,16,22,2,
613,16,23,2,
614,16,24,2,
615,16,25,2,
616,16,26,2,
617,16,27,2,1
618,16,28,2,
619,16,29,2,
620,16,30,2,
621,16,31,2,
622,16,32,2,
623,16,33,2,
624,16,34,2,
625,16,35,2,
626,16,36,2,
627,16,37,2,
628,16,38,2,
629,16,39,2,
630,16,40,2,
631,16,41,2,
632,16,44,2,
633,16,45,2,
634,16,49,2,
635,16,50,2,
636,16,53,2,
637,16,54,2,
638,16,55,2,
639,16,56,2,
640,16,57,2,
641,17,1,2,
642,17,2,2,
643,17,3,2,
644,17,4,2,
645,17,5,2,
646,17,6,2,
647,17,7,2,
648,17,8,2,
649,17,9,2,
650,17,10,2,
651,17,11,2,
652,17,12,2,
653,17,13,2,
654,17,14,2,
655,17,15,2,
656,17,16,2,
657,17,17,2,
658,17,18,2,
659,17,19,2,
660,17,20,2,
661,17,21,2,
662,17,22,2,
663,17,23,2,
664,17,24,2,
665,17,25,2,
666,17,26,2,
667,17,27,2,1
668,17,28,2,
669,17,29,2,
670,17,30,2,
671,17,31,2,
672,17,32,2,
673,17,33,2,
674,17,34,2,
675,17,35,2,
676,17,36,2,
677,17,37,2,
678,17,38,2,
679,17,39,2,
680,17,40,2,
681,17,41,2,
682,17,44,2,
683,17,45,2,
684,17,49,2,
685,17,50,2,
686,17,53,2,
687,17,54,2,
688,17,55,2,
689,17,56,2,
690,17,57,2,
691,18,1,2,
692,18,2,2,
693,18,3,2,
694,18,4,2,
695,18,5,2,
696,18,6,2,
697,18,7,2,
698,18,8,2,
699,18,9,2,
700,18,10,2,
701,18,11,2,
702,18,12,2,
703,18,13,2,
704,18,14,2,
705,18,15,2,
706,18,16,2,
707,18,17,2,
708,18,18,2,
709,18,19,2,
710,18,20,2,
711,18,21,2,
712,18,22,2,
713,18,23,2,
714,18,24,2,
715,18,25,2,
716,18,26,2,
717,18,27,2,1
718,18,28,2,
719,18,29,2,
720,18,30,2,
721,18,31,2,
722,18,32,2,
723,18,33,2,
724,18,34,2,
725,18,35,2,
726,18,36,2,
727,18,37,2,
728,18,38,2,
729,18,39,2,
730,18,40,2,
731,18,41,2,
732,18,44,2,
733,18,45,2,
734,18,49,2,
735,18,50,2,
736,18,53,2,
737,18,54,2,
738,18,55,2,
739,18,56,2,
740,18,57,2,
741,19,1,2,
742,19,2,2,
743,19,3,2,
744,19,4,2,
745,19,5,2,
746,19,6,2,
747,19,7,2,
748,19,8,2,
749,19,9,2,
750,19,10,2,
751,19,11,2,
752,19,12,2,
753,19,13,2,
754,19,14,2,
755,19,15,2,
756,19,16,2,
757,19,17,2,
758,19,18,2,
759,19,19,2,
760,19,20,2,
761,19,21,2,
762,19,22,2,
763,19,23,2,
764,19,24,2,
765,19,25,2,
766,19,26,2,
767,19,27,2,1
768,19,28,2,
769,19,29,2,
770,19,30,2,
771,19,31,2,
772,19,32,2,
773,19,33,2,
774,19,34,2,
775,19,35,2,
776,19,36,2,
777,19,37,2,
778,19,38,2,
779,19,39,2,
780,19,40,2,
781,19,41,2,
782,19,44,2,
783,19,45,2,
784,19,49,2,
785,19,50,2,
786,19,53,2,
787,19,54,2,
788,19,55,2,
789,19,56,2,
790,19,57,2,
791,20,1,2,
792,20,2,2,
793,20,3,2,
794,20,4,2,
795,20,5,2,
796,20,6,2,
797,20,7,2,
798,20,8,2,
799,20,9,2,
800,20,10,2,
801,20,11,2,
802,20,12,2,
803,20,13,2,
804,20,14,2,
805,20,15,2,
806,20,16,2,
807,20,17,2,
808,20,18,2,
809,20,19,2,
810,20,20,2,
811,20,21,2,
812,20,22,2,
813,20,23,2,
814,20,24,2,
815,20,25,2,
816,20,26,2,
817,20,27,2,1
818,20,28,2,
819,20,29,2,
820,20,30,2,
821,20,31,2,
822,20,32,2,
823,20,33,2,
824,20,34,2,
825,20,35,2,
826,20,36,2,
827,20,37,2,
828,20,38,2,
829,20,39,2,
830,20,40,2,
831,20,41,2,
832,20,44,2,
833,20,45,2,
834,20,49,2,
835,20,50,2,
836,20,53,2,
837,20,54,2,
838,20,55,2,
839,20,56,2,
840,20,57,2,
841,21,1,2,
842,21,2,2,
843,21,3,2,
844,21,4,2,
845,21,5,2,
846,21,6,2,
847,21,7,2,
848,21,8,2,
849,21,9,2,
850,21,10,2,
851,21,11,2,
852,21,12,2,
853,21,13,2,
854,21,14,2,
855,21,15,2,
856,21,16,2,
857,21,17,2,
858,21,18,2,
859,21,19,2,
860,21,20,2,
861,21,21,2,
862,21,22,2,
863,21,23,2,
864,21,24,2,
865,21,25,2,
866,21,26,2,
867,21,27,2,1
868,21,28,2,
869,21,29,2,
870,21,30,2,
871,21,31,2,
872,21,32,2,
873,21,33,2,
874,21,34,2,
875,21,35,2,
876,21,36,2,
877,21,37,2,
878,21,38,2,
879,21,39,2,
880,21,40,2,
881,21,41,2,
882,21,44,2,
883,21,45,2,
884,21,49,2,
885,21,50,2,
886,21,53,2,
887,21,54,2,
888,21,55,2,
889,21,56,2,
890,21,57,2,
891,22,1,2,
892,22,2,2,
893,22,3,2,
894,22,4,2,
895,22,5,2,
896,22,6,2,
897,22,7,2,
898,22,8,2,
899,22,9,2,
900,22,10,2,
901,22,11,2,
902,22,12,2,
903,22,13,2,
904,22,14,2,
905,22,15,2,
906,22,16,2,
907,22,17,2,
908,22,18,2,
909,22,19,2,
910,22,20,2,
911,22,21,2,
912,22,22,2,
913,22,23,2,
914,22,24,2,
915,22,25,2,
916,22,26,2,
917,22,27,2,1
918,22,28,2,
919,22,29,2,
920,22,30,2,
921,22,31,2,
922,22,32,2,
923,22,33,2,
924,22,34,2,
925,22,35,2,
926,22,36,2,
927,22,37,2,
928,22,38,2,
929,22,39,2,
930,22,40,2,
931,22,41,2,
932,22,44,2,
933,22,45,2,
934,22,49,2,
935,22,50,2,
936,22,53,2,
937,22,54,2,
938,22,55,2,
939,22,56,2,
940,22,57,2,
941,23,1,2,
942,23,2,2,
943,23,3,2,
944,23,4,2,
945,23,5,2,
946,23,6,2,
947,23,7,2,
948,23,8,2,
949,23,9,2,
950,23,10,2,
951,23,11,2,
952,23,12,2,
953,23,13,2,
954,23,14,2,
955,23,15,2,
956,23,16,2,
957,23,17,2,
958,23,18,2,
959,23,19,2,
960,23,20,2,
961,23,21,2,
962,23,22,2,
963,23,23,2,
964,23,24,2,
965,23,25,2,
966,23,26,2,
967,23,27,2,1
968,23,28,2,
969,23,29,2,
970,23,30,2,
971,23,31,2,
972,23,32,2,
973,23,33,2,
974,23,34,2,
975,23,35,2,
976,23,36,2,
977,23,37,2,
978,23,38,2,
979,23,39,2,
980,23,40,2,
981,23,41,2,
982,23,44,2,
983,23,45,2,
984,23,49,2,
985,23,50,2,
986,23,53,2,
987,23,54,2,
988,23,55,2,
989,23,56,2,
990,23,57,2,
991,24,1,2,
992,24,2,2,
993,24,3,2,
994,24,4,2,
995,24,5,2,
996,24,6,2,
997,24,7,2,
998,24,8,2,
999,24,9,2,
1000,24,10,2,
1001,24,11,2,
1002,24,12,2,
1003,24,13,2,
1004,24,14,2,
1005,24,15,2,
1006,24,16,2,
1007,24,17,2,
1008,24,18,2,
1009,24,19,2,
1010,24,20,2,
1011,24,21,2,
1012,24,22,2,
1013,24,23,2,
1014,24,24,2,
1015,24,25,2,
1016,24,26,2,
1017,24,27,2,1
1018,24,28,2,
1019,24,29,2,
1020,24,30,2,
1021,24,31,2,
1022,24,32,2,
1023,24,33,2,
1024,24,34,2,
1025,24,35,2,
1026,24,36,2,
1027,24,37,2,
1028,24,38,2,
1029,24,39,2,
1030,24,40,2,
1031,24,41,2,
1032,24,44,2,
1033,24,45,2,
1034,24,49,2,
1035,24,50,2,
1036,24,53,2,
1037,24,54,2,
1038,24,55,2,
1039,24,56,2,
1040,24,57,2,
1041,25,1,2,
1042,25,2,2,
1043,25,3,2,
1044,25,4,2,
1045,25,5,2,
1046,25,6,2,
1047,25,7,2,
1048,25,8,2,
1049,25,9,2,
1050,25,10,2,
1051,25,11,2,
1052,25,12,2,
1053,25,13,2,
1054,25,14,2,
1055,25,15,2,
1056,25,16,2,
1057,25,17,2,
1058,25,18,2,
1059,25,19,2,
1060,25,20,2,
1061,25,21,2,
1062,25,22,2,
1063,25,23,2,
1064,25,24,2,
1065,25,25,2,
1066,25,26,2,
1067,25,27,2,1
1068,25,28,2,
1069,25,29,2,
1070,25,30,2,
1071,25,31,2,
1072,25,32,2,
1073,25,33,2,
1074,25,34,2,
1075,25,35,2,
1076,25,36,2,
1077,25,37,2,
1078,25,38,2,
1079,25,39,2,
1080,25,40,2,
1081,25,41,2,
1082,25,44,2,
1083,25,45,2,
1084,25,49,2,
1085,25,50,2,
1086,25,53,2,
1087,25,54,2,
1088,25,55,2,
1089,25,56,2,
1090,25,57,2,
1091,26,1,2,
1092,26,2,2,
1093,26,3,2,
1094,26,4,2,
1095,26,5,2,
1096,26,6,2,
1097,26,7,2,
1098,26,8,2,
1099,26,9,2,
1100,26,10,2,
1101,26,11,2,
1102,26,12,2,
1103,26,13,2,
1104,26,14,2,
1105,26,15,2,
1106,26,16,2,
1107,26,17,2,
1108,26,18,2,
1109,26,19,2,
1110,26,20,2,
1111,26,21,2,
1112,26,22,2,
1113,26,23,2,
1114,26,24,2,
1115,26,25,2,
1116,26,26,2,
1117,26,27,2,1
1118,26,28,2,
1119,26,29,2,
1120,26,30,2,
1121,26,31,2,
1122,26,32,2,
1123,26,33,2,
1124,26,34,2,
1125,26,35,2,
1126,26,36,2,
1127,26,37,2,
1128,26,38,2,
1129,26,39,2,
1130,26,40,2,
1131,26,41,2,
1132,26,44,2,
1133,26,45,2,
1134,26,49,2,
1135,26,50,2,
1136,26,53,2,
1137,26,54,2,
1138,26,55,2,
1139,26,56,2,
1140,26,57,2,
1141,27,1,2,
1142,27,2,2,
1143,27,3,2,
1144,27,4,2,
1145,27,5,2,
1146,27,6,2,
1147,27,7,2,
1148,27,8,2,
1149,27,9,2,
1150,27,10,2,
1151,27,11,2,
1152,27,12,2,
1153,27,13,2,
1154,27,14,2,
1155,27,15,2,
1156,27,16,2,
1157,27,17,2,
1158,27,18,2,
1159,27,19,2,
1160,27,20,2,
1161,27,21,2,
1162,27,22,2,
1163,27,23,2,
1164,27,24,2,
1165,27,25,2,
1166,27,26,2,
1167,27,27,2,1
1168,27,28,2,
1169,27,29,2,
1170,27,30,2,
1171,27,31,2,
1172,27,32,2,
1173,27,33,2,
1174,27,34,2,
1175,27,35,2,
1176,27,36,2,
1177,27,37,2,
1178,27,38,2,
1179,27,39,2,
1180,27,40,2,
1181,27,41,2,
1182,27,44,2,
1183,27,45,2,
1184,27,49,2,
1185,27,50,2,
1186,27,53,2,
1187,27,54,2,
1188,27,55,2,
1189,27,56,2,
1190,27,57,2,
1191,28,1,2,
1192,28,2,2,
1193,28,3,2,
1194,28,4,2,
1195,28,5,2,
1196,28,6,2,
1197,28,7,2,
1198,28,8,2,
1199,28,9,2,
1200,28,10,2,
1201,28,11,2,
1202,28,12,2,
1203,28,13,2,
1204,28,14,2,
1205,28,15,2,
1206,28,16,2,
1207,28,17,2,
1208,28,18,2,
1209,28,19,2,
1210,28,20,2,
1211,28,21,2,
1212,28,22,2,
1213,28,23,2,
1214,28,24,2,
1215,28,25,2,
1216,28,26,2,
1217,28,27,2,1
1218,28,28,2,
1219,28,29,2,
1220,28,30,2,
1221,28,31,2,
1222,28,32,2,
1223,28,33,2,
1224,28,34,2,
1225,28,35,2,
1226,28,36,2,
1227,28,37,2,
1228,28,38,2,
1229,28,39,2,
1230,28,40,2,
1231,28,41,2,
1232,28,44,2,
1233,28,45,2,
1234,28,49,2,
1235,28,50,2,
1236,28,53,2,
1237,28,54,2,
1238,28,55,2,
1239,28,56,2,
1240,28,57,2,
1241,29,1,2,
1242,29,2,2,
1243,29,3,2,
1244,29,4,2,
1245,29,5,2,
1246,29,6,2,
1247,29,7,2,
1248,29,8,2,
1249,29,9,2,
1250,29,10,2,
1251,29,11,2,
1252,29,12,2,
1253,29,13,2,
1254,29,14,2,
1255,29,15,2,
1256,29,16,2,
1257,29,17,2,
1258,29,18,2,
1259,29,19,2,
1260,29,20,2,
1261,29,21,2,
1262,29,22,2,
1263,29,23,2,
1264,29,24,2,
1265,29,25,2,
1266,29,26,2,
1267,29,27,2,1
1268,29,28,2,
1269,29,29,2,
1270,29,30,2,
1271,29,31,2,
1272,29,32,2,
1273,29,33,2,
1274,29,34,2,
1275,29,35,2,
1276,29,36,2,
1277,29,37,2,
1278,29,38,2,
1279,29,39,2,
1280,29,40,2,
1281,29,41,2,
1282,29,44,2,
1283,29,45,2,
1284,29,49,2,
1285,29,50,2,
1286,29,53,2,
1287,29,54,2,
1288,29,55,2,
1289,29,56,2,
1290,29,57,2,
1291,30,1,2,
1292,30,2,2,
1293,30,3,2,
1294,30,4,2,
1295,30,5,2,
1296,30,6,2,
1297,30,7,2,
1298,30,8,2,
1299,30,9,2,
1300,30,10,2,
1301,30,11,2,
1302,30,12,2,
1303,30,13,2,
1304,30,14,2,
1305,30,15,2,
1306,30,16,2,
1307,30,17,2,
1308,30,18,2,
1309,30,19,2,
1310,30,20,2,
1311,30,21,2,
1312,30,22,2,
1313,30,23,2,
1314,30,24,2,
1315,30,25,2,
1316,30,26,2,
1317,30,27,2,1
1318,30,28,2,
1319,30,29,2,
1320,30,30,2,
1321,30,31,2,
1322,30,32,2,
1323,30,33,2,
1324,30,34,2,
1325,30,35,2,
1326,30,36,2,
1327,30,37,2,
1328,30,38,2,
1329,30,39,2,
1330,30,40,2,
1331,30,41,2,
1332,30,44,2,
1333,30,45,2,
1334,30,49,2,
1335,30,50,2,
1336,30,53,2,
1337,30,54,2,
1338,30,55,2,
1339,30,56,2,
1340,30,57,2,
1341,31,1,2,
1342,31,2,2,
1343,31,3,2,
1344,31,4,2,
1345,31,5,2,
1346,31,6,2,
1347,31,7,2,
1348,31,8,2,
1349,31,9,2,
1350,31,10,2,
1351,31,11,2,
1352,31,12,2,
1353,31,13,2,
1354,31,14,2,
1355,31,15,2,
1356,31,16,2,
1357,31,17,2,
1358,31,18,2,
1359,31,19,2,
1360,31,20,2,
1361,31,21,2,
1362,31,22,2,
1363,31,23,2,
1364,31,24,2,
1365,31,25,2,
1366,31,26,2,
1367,31,27,2,1
1368,31,28,2,
1369,31,29,2,
1370,31,30,2,
1371,31,31,2,
1372,31,32,2,
1373,31,33,2,
1374,31,34,2,
1375,31,35,2,
1376,31,36,2,
1377,31,37,2,
1378,31,38,2,
1379,31,39,2,
1380,31,40,2,
1381,31,41,2,
1382,31,44,2,
1383,31,45,2,
1384,31,49,2,
1385,31,50,2,
1386,31,53,2,
1387,31,54,2,
1388,31,55,2,
1389,31,56,2,
1390,31,57,2,
1391,32,1,2,
1392,32,2,2,
1393,32,3,2,
1394,32,4,2,
1395,32,5,2,
1396,32,6,2,
1397,32,7,2,
1398,32,8,2,
1399,32,9,2,
1400,32,10,2,
1401,32,11,2,
1402,32,12,2,
1403,32,13,2,
1404,32,14,2,
1405,32,15,2,
1406,32,16,2,
1407,32,17,2,
1408,32,18,2,
1409,32,19,2,
1410,32,20,2,
1411,32,21,2,
1412,32,22,2,
1413,32,23,2,
1414,32,24,2,
1415,32,25,2,
1416,32,26,2,
1417,32,27,2,1
1418,32,28,2,
1419,32,29,2,
1420,32,30,2,
1421,32,31,2,
1422,32,32,2,
1423,32,33,2,
1424,32,34,2,
1425,32,35,2,
1426,32,36,2,
1427,32,37,2,
1428,32,38,2,
1429,32,39,2,
1430,32,40,2,
1431,32,41,2,
1432,32,44,2,
1433,32,45,2,
1434,32,49,2,
1435,32,50,2,
1436,32,53,2,
1437,32,54,2,
1438,32,55,2,
1439,32,56,2,
1440,32,57,2,
1441,33,1,2,
1442,33,2,2,
1443,33,3,2,
1444,33,4,2,
1445,33,5,2,
1446,33,6,2,
1447,33,7,2,
1448,33,8,2,
1449,33,9,2,
1450,33,10,2,
1451,33,11,2,
1452,33,12,2,
1453,33,13,2,
1454,33,14,2,
1455,33,15,2,
1456,33,16,2,
1457,33,17,2,
1458,33,18,2,
1459,33,19,2,
1460,33,20,2,
1461,33,21,2,
1462,33,22,2,
1463,33,23,2,
1464,33,24,2,
1465,33,25,2,
1466,33,26,2,
1467,33,27,2,1
1468,33,28,2,
1469,33,29,2,
1470,33,30,2,
1471,33,31,2,
1472,33,32,2,
1473,33,33,2,
1474,33,34,2,
1475,33,35,2,
1476,33,36,2,
1477,33,37,2,
1478,33,38,2,
1479,33,39,2,
1480,33,40,2,
1481,33,41,2,
1482,33,44,2,
1483,33,45,2,
1484,33,49,2,
1485,33,50,2,
1486,33,53,2,
1487,33,54,2,
1488,33,55,2,
1489,33,56,2,
1490,33,57,2,
1491,34,1,2,
1492,34,2,2,
1493,34,3,2,
1494,34,4,2,
1495,34,5,2,
1496,34,6,2,
1497,34,7,2,
1498,34,8,2,
1499,34,9,2,
1500,34,10,2,
1501,34,11,2,
1502,34,12,2,
1503,34,13,2,
1504,34,14,2,
1505,34,15,2,
1506,34,16,2,
1507,34,17,2,
1508,34,18,2,
1509,34,19,2,
1510,34,20,2,
1511,34,21,2,
1512,34,22,2,
1513,34,23,2,
1514,34,24,2,
1515,34,25,2,
1516,34,26,2,
1517,34,27,2,1
1518,34,28,2,
1519,34,29,2,
1520,34,30,2,
1521,34,31,2,
1522,34,32,2,
1523,34,33,2,
1524,34,34,2,
1525,34,35,2,
1526,34,36,2,
1527,34,37,2,
1528,34,38,2,
1529,34,39,2,
1530,34,40,2,
1531,34,41,2,
1532,34,44,2,
1533,34,45,2,
1534,34,49,2,
1535,34,50,2,
1536,34,53,2,
1537,34,54,2,
1538,34,55,2,
1539,34,56,2,
1540,34,57,2,
1541,35,1,2,
1542,35,2,2,
1543,35,3,2,
1544,35,4,2,
1545,35,5,2,
1546,35,6,2,
1547,35,7,2,
1548,35,8,2,
1549,35,9,2,
1550,35,10,2,
1551,35,11,2,
1552,35,12,2,
1553,35,13,2,
1554,35,14,2,
1555,35,15,2,
1556,35,16,2,
1557,35,17,2,
1558,35,18,2,
1559,35,19,2,
1560,35,20,2,
1561,35,21,2,
1562,35,22,2,
1563,35,23,2,
1564,35,24,2,
1565,35,25,2,
1566,35,26,2,
1567,35,27,2,1
1568,35,28,2,
1569,35,29,2,
1570,35,30,2,
1571,35,31,2,
1572,35,32,2,
1573,35,33,2,
1574,35,34,2,
1575,35,35,2,
1576,35,36,2,
1577,35,37,2,
1578,35,38,2,
1579,35,39,2,
1580,35,40,2,
1581,35,41,2,
1582,35,44,2,
1583,35,45,2,
1584,35,49,2,
1585,35,50,2,
1586,35,53,2,
1587,35,54,2,
1588,35,55,2,
1589,35,56,2,
1590,35,57,2,
1591,36,1,2,
1592,36,2,2,
1593,36,3,2,
1594,36,4,2,
1595,36,5,2,
1596,36,6,2,
1597,36,7,2,
1598,36,8,2,
1599,36,9,2,
1600,36,10,2,
1601,36,11,2,
1602,36,12,2,
1603,36,13,2,
1604,36,14,2,
1605,36,15,2,
1606,36,16,2,
1607,36,17,2,
1608,36,18,2,
1609,36,19,2,
1610,36,20,2,
1611,36,21,2,
1612,36,22,2,
1613,36,23,2,
1614,36,24,2,
1615,36,25,2,
1616,36,26,2,
1617,36,27,2,1
1618,36,28,2,
1619,36,29,2,
1620,36,30,2,
1621,36,31,2,
1622,36,32,2,
1623,36,33,2,
1624,36,34,2,
1625,36,35,2,
1626,36,36,2,
1627,36,37,2,
1628,36,38,2,
1629,36,39,2,
1630,36,40,2,
1631,36,41,2,
1632,36,44,2,
1633,36,45,2,
1634,36,49,2,
1635,36,50,2,
1636,36,53,2,
1637,36,54,2,
1638,36,55,2,
1639,36,56,2,
1640,36,57,2,
1641,37,1,2,
1642,37,2,2,
1643,37,3,2,
1644,37,4,2,
1645,37,5,2,
1646,37,6,2,
1647,37,7,2,
1648,37,8,2,
1649,37,9,2,
1650,37,10,2,
1651,37,11,2,
1652,37,12,2,
1653,37,13,2,
1654,37,14,2,
1655,37,15,2,
1656,37,16,2,
1657,37,17,2,
1658,37,18,2,
1659,37,19,2,
1660,37,20,2,
1661,37,21,2,
1662,37,22,2,
1663,37,23,2,
1664,37,24,2,
1665,37,25,2,
1666,37,26,2,
1667,37,27,2,1
1668,37,28,2,
1669,37,29,2,
1670,37,30,2,
1671,37,31,2,
1672,37,32,2,
1673,37,33,2,
1674,37,34,2,
1675,37,35,2,
1676,37,36,2,
1677,37,37,2,
1678,37,38,2,
1679,37,39,2,
1680,37,40,2,
1681,37,41,2,
1682,37,44,2,
1683,37,45,2,
1684,37,49,2,
1685,37,50,2,
1686,37,53,2,
1687,37,54,2,
1688,37,55,2,
1689,37,56,2,
1690,37,57,2,
1691,38,1,2,
1692,38,2,2,
1693,38,3,2,
1694,38,4,2,
1695,38,5,2,
1696,38,6,2,
1697,38,7,2,
1698,38,8,2,
1699,38,9,2,
1700,38,10,2,
1701,38,11,2,
1702,38,12,2,
1703,38,13,2,
1704,38,14,2,
1705,38,15,2,
1706,38,16,2,
1707,38,17,2,
1708,38,18,2,
1709,38,19,2,
1710,38,20,2,
1711,38,21,2,
1712,38,22,2,
1713,38,23,2,
1714,38,24,2,
1715,38,25,2,
1716,38,26,2,
1717,38,27,2,1
1718,38,28,2,
1719,38,29,2,
1720,38,30,2,
1721,38,31,2,
1722,38,32,2,
1723,38,33,2,
1724,38,34,2,
1725,38,35,2,
1726,38,36,2,
1727,38,37,2,
1728,38,38,2,
1729,38,39,2,
1730,38,40,2,
1731,38,41,2,
1732,38,44,2,
1733,38,45,2,
1734,38,49,2,
1735,38,50,2,
1736,38,53,2,
1737,38,54,2,
1738,38,55,2,
1739,38,56,2,
1740,38,57,2,
1741,39,1,2,
1742,39,2,2,
1743,39,3,2,
1744,39,4,2,
1745,39,5,2,
1746,39,6,2,
1747,39,7,2,
1748,39,8,2,
1749,39,9,2,
1750,39,10,2,
1751,39,11,2,
1752,39,12,2,
1753,39,13,2,
1754,39,14,2,
1755,39,15,2,
1756,39,16,2,
1757,39,17,2,
1758,39,18,2,
1759,39,19,2,
1760,39,20,2,
1761,39,21,2,
1762,39,22,2,
1763,39,23,2,
1764,39,24,2,
1765,39,25,2,
1766,39,26,2,
1767,39,27,2,1
1768,39,28,2,
1769,39,29,2,
1770,39,30,2,
1771,39,31,2,
1772,39,32,2,
1773,39,33,2,
1774,39,34,2,
1775,39,35,2,
1776,39,36,2,
1777,39,37,2,
1778,39,38,2,
1779,39,39,2,
1780,39,40,2,
1781,39,41,2,
1782,39,44,2,
1783,39,45,2,
1784,39,49,2,
1785,39,50,2,
1786,39,53,2,
1787,39,54,2,
1788,39,55,2,
1789,39,56,2,
1790,39,57,2,
1791,40,1,2,
1792,40,2,2,
1793,40,3,2,
1794,40,4,2,
1795,40,5,2,
1796,40,6,2,
1797,40,7,2,
1798,40,8,2,
1799,40,9,2,
1800,40,10,2,
1801,40,11,2,
1802,40,12,2,
1803,40,13,2,
1804,40,14,2,
1805,40,15,2,
1806,40,16,2,
1807,40,17,2,
1808,40,18,2,
1809,40,19,2,
1810,40,20,2,
1811,40,21,2,
1812,40,22,2,
1813,40,23,2,
1814,40,24,2,
1815,40,25,2,
1816,40,26,2,
1817,40,27,2,1
1818,40,28,2,
1819,40,29,2,
1820,40,30,2,
1821,40,31,2,
1822,40,32,2,
1823,40,33,2,
1824,40,34,2,
1825,40,35,2,
1826,40,36,2,
1827,40,37,2,
1828,40,38,2,
1829,40,39,2,
1830,40,40,2,
1831,40,41,2,
1832,40,44,2,
1833,40,45,2,
1834,40,49,2,
1835,40,50,2,
1836,40,53,2,
1837,40,54,2,
1838,40,55,2,
1839,40,56,2,
1840,40,57,2,
1841,41,1,2,
1842,41,2,2,
1843,41,3,2,
1844,41,4,2,
1845,41,5,2,
1846,41,6,2,
1847,41,7,2,
1848,41,8,2,
1849,41,9,2,
1850,41,10,2,
1851,41,11,2,
1852,41,12,2,
1853,41,13,2,
1854,41,14,2,
1855,41,15,2,
1856,41,16,2,
1857,41,17,2,
1858,41,18,2,
1859,41,19,2,
1860,41,20,2,
1861,41,21,2,
1862,41,22,2,
1863,41,23,2,
1864,41,24,2,
1865,41,25,2,
1866,41,26,2,
1867,41,27,2,1
1868,41,28,2,
1869,41,29,2,
1870,41,30,2,
1871,41,31,2,
1872,41,32,2,
1873,41,33,2,
1874,41,34,2,
1875,41,35,2,
1876,41,36,2,
1877,41,37,2,
1878,41,38,2,
1879,41,39,2,
1880,41,40,2,
1881,41,41,2,
1882,41,44,2,
1883,41,45,2,
1884,41,49,2,
1885,41,50,2,
1886,41,53,2,
1887,41,54,2,
1888,41,55,2,
1889,41,56,2,
1890,41,57,2,
1891,42,1,2,
1892,42,2,2,
1893,42,3,2,
1894,42,4,2,
1895,42,5,2,
1896,42,6,2,
1897,42,7,2,
1898,42,8,2,
1899,42,9,2,
1900,42,10,2,
1901,42,11,2,
1902,42,12,2,
1903,42,13,2,
1904,42,14,2,
1905,42,15,2,
1906,42,16,2,
1907,42,17,2,
1908,42,18,2,
1909,42,19,2,
1910,42,20,2,
1911,42,21,2,
1912,42,22,2,
1913,42,23,2,
1914,42,24,2,
1915,42,25,2,
1916,42,26,2,
1917,42,27,2,1
1918,42,28,2,
1919,42,29,2,
1920,42,30,2,
1921,42,31,2,
1922,42,32,2,
1923,42,33,2,
1924,42,34,2,
1925,42,35,2,
1926,42,36,2,
1927,42,37,2,
1928,42,38,2,
1929,42,39,2,
1930,42,40,2,
1931,42,41,2,
1932,42,44,2,
1933,42,45,2,
1934,42,49,2,
1935,42,50,2,
1936,42,53,2,
1937,42,54,2,
1938,42,55,2,
1939,42,56,2,
1940,42,57,2,
1941,43,1,2,
1942,43,2,2,
1943,43,3,2,
1944,43,4,2,
1945,43,5,2,
1946,43,6,2,
1947,43,7,2,
1948,43,8,2,
1949,43,9,2,
1950,43,10,2,
1951,43,11,2,
1952,43,12,2,
1953,43,13,2,
1954,43,14,2,
1955,43,15,2,
1956,43,16,2,
1957,43,17,2,
1958,43,18,2,
1959,43,19,2,
1960,43,20,2,
1961,43,21,2,
1962,43,22,2,
1963,43,23,2,
1964,43,24,2,
1965,43,25,2,
1966,43,26,2,
1967,43,27,2,1
1968,43,28,2,
1969,43,29,2,
1970,43,30,2,
1971,43,31,2,
1972,43,32,2,
1973,43,33,2,
1974,43,34,2,
1975,43,35,2,
1976,43,36,2,
1977,43,37,2,
1978,43,38,2,
1979,43,39,2,
1980,43,40,2,
1981,43,41,2,
1982,43,44,2,
1983,43,45,2,
1984,43,49,2,
1985,43,50,2,
1986,43,53,2,
1987,43,54,2,
1988,43,55,2,
1989,43,56,2,
1990,43,57,2,
1991,44,1,2,
1992,44,2,2,
1993,44,3,2,
1994,44,4,2,
1995,44,5,2,
1996,44,6,2,
1997,44,7,2,
1998,44,8,2,
1999,44,9,2,
2000,44,10,2,
2001,44,11,2,
2002,44,12,2,
2003,44,13,2,
2004,44,14,2,
2005,44,15,2,
2006,44,16,2,
2007,44,17,2,
2008,44,18,2,
2009,44,19,2,
2010,44,20,2,
2011,44,21,2,
2012,44,22,2,
2013,44,23,2,
2014,44,24,2,
2015,44,25,2,
2016,44,26,2,
2017,44,27,2,1
2018,44,28,2,
2019,44,29,2,
2020,44,30,2,
2021,44,31,2,
2022,44,32,2,
2023,44,33,2,
2024,44,34,2,
2025,44,35,2,
2026,44,36,2,
2027,44,37,2,
2028,44,38,2,
2029,44,39,2,
2030,44,40,2,
2031,44,41,2,
2032,44,44,2,
2033,44,45,2,
2034,44,49,2,
2035,44,50,2,
2036,44,53,2,
2037,44,54,2,
2038,44,55,2,
2039,44,56,2,
2040,44,57,2,
2041,45,1,2,
2042,45,2,2,
2043,45,3,2,
2044,45,4,2,
2045,45,5,2,
2046,45,6,2,
2047,45,7,2,
2048,45,8,2,
2049,45,9,2,
2050,45,10,2,
2051,45,11,2,
2052,45,12,2,
2053,45,13,2,
2054,45,14,2,
2055,45,15,2,
2056,45,16,2,
2057,45,17,2,
2058,45,18,2,
2059,45,19,2,
2060,45,20,2,
2061,45,21,2,
2062,45,22,2,
2063,45,23,2,
2064,45,24,2,
2065,45,25,2,
2066,45,26,2,
2067,45,27,2,1
2068,45,28,2,
2069,45,29,2,
2070,45,30,2,
2071,45,31,2,
2072,45,32,2,
2073,45,33,2,
2074,45,34,2,
2075,45,35,2,
2076,45,36,2,
2077,45,37,2,
2078,45,38,2,
2079,45,39,2,
2080,45,40,2,
2081,45,41,2,
2082,45,44,2,
2083,45,45,2,
2084,45,49,2,
2085,45,50,2,
2086,45,53,2,
2087,45,54,2,
2088,45,55,2,
2089,45,56,2,
2090,45,57,2,
2091,46,1,2,
2092,46,2,2,
2093,46,3,2,
2094,46,4,2,
2095,46,5,2,
2096,46,6,2,
2097,46,7,2,
2098,46,8,2,
2099,46,9,2,
2100,46,10,2,
2101,46,11,2,
2102,46,12,2,
2103,46,13,2,
2104,46,14,2,
2105,46,15,2,
2106,46,16,2,
2107,46,17,2,
2108,46,18,2,
2109,46,19,2,
2110,46,20,2,
2111,46,21,2,
2112,46,22,2,
2113,46,23,2,
2114,46,24,2,
2115,46,25,2,
2116,46,26,2,
2117,46,27,2,1
2118,46,28,2,
2119,46,29,2,
2120,46,30,2,
2121,46,31,2,
2122,46,32,2,
2123,46,33,2,
2124,46,34,2,
2125,46,35,2,
2126,46,36,2,
2127,46,37,2,
2128,46,38,2,
2129,46,39,2,
2130,46,40,2,
2131,46,41,2,
2132,46,44,2,
2133,46,45,2,
2134,46,49,2,
2135,46,50,2,
2136,46,53,2,
2137,46,54,2,
2138,46,55,2,
2139,46,56,2,
2140,46,57,2,
2141,47,1,2,
2142,47,2,2,
2143,47,3,2,
2144,47,4,2,
2145,47,5,2,
2146,47,6,2,
2147,47,7,2,
2148,47,8,2,
2149,47,9,2,
2150,47,10,2,
2151,47,11,2,
2152,47,12,2,
2153,47,13,2,
2154,47,14,2,
2155,47,15,2,
2156,47,16,2,
2157,47,17,2,
2158,47,18,2,
2159,47,19,2,
2160,47,20,2,
2161,47,21,2,
2162,47,22,2,
2163,47,23,2,
2164,47,24,2,
2165,47,25,2,
2166,47,26,2,
2167,47,27,2,1
2168,47,28,2,
2169,47,29,2,
2170,47,30,2,
2171,47,31,2,
2172,47,32,2,
2173,47,33,2,
2174,47,34,2,
2175,47,35,2,
2176,47,36,2,
2177,47,37,2,
2178,47,38,2,
2179,47,39,2,
2180,47,40,2,
2181,47,41,2,
2182,47,44,2,
2183,47,45,2,
2184,47,49,2,
2185,47,50,2,
2186,47,53,2,
2187,47,54,2,
2188,47,55,2,
2189,47,56,2,
2190,47,57,2,
2191,1,45,2,
2192,1,30,2,
2193,1,38,2,
2194,1,55,2,
2195,1,34,2,
2196,1,33,2,
2197,1,31,2,
2198,1,46,2,
2199,1,44,2,
2200,2,36,2,
2201,2,55,2,
2202,2,53,2,
2203,2,45,2,
2204,2,54,2,
2205,2,31,2,
2206,2,28,2,
2207,2,46,2,
2208,2,30,2,
2209,4,45,2,
2210,4,28,2,
2211,4,57,2,
2212,4,34,2,
2213,4,29,2,
2214,4,32,2,
2215,4,35,2,
2216,4,33,2,
2217,4,36,2,
2218,4,30,2,
2219,5,34,2,
2220,5,54,2,
2221,5,53,2,
2222,5,35,2,
2223,5,28,2,
2224,5,45,2,
2225,5,33,2,
2226,5,30,2,
2227,5,55,2,
2228,6,30,2,
2229,6,29,2,
2230,6,34,2,
2231,6,53,2,
2232,6,46,2,
2233,6,45,2,
2234,6,32,2,
2235,6,44,2,
2236,6,36,2,
2237,48,32,2,
2238,48,45,2,
2239,48,16,2,
2240,48,57,2,
2241,48,46,2,
2242,48,53,2,
2243,48,36,2,
2244,48,34,2,
2245,48,44,2,
2246,48,35,2,
2247,48,37,2,
2248,49,56,2,
2249,49,53,2,
2250,49,16,2,
2251,49,23,2,
2252,49,45,2,
2253,49,44,2,
2254,49,36,2,
2255,49,32,2,
2256,49,17,2,
2257,49,18,2,
2258,49,46,2,
2259,49,28,2,
2260,50,34,2,
2261,50,54,2,
2262,50,46,2,
2263,50,32,2,
2264,50,44,2,
2265,50,55,2,
2266,50,30,2,
2267,50,16,2,
2268,50,57,2,
2269,50,45,2,
2270,50,35,2,
2271,52,28,2,
2272,52,56,2,
2273,52,32,2,
2274,52,36,2,
2275,52,30,2,
2276,52,55,2,
2277,52,53,2,
2278,52,16,2,
2279,52,23,2,
2280,52,45,2,
2281,52,37,2,
2282,53,34,2,
2283,53,54,2,
2284,53,16,2,
2285,53,57,2,
2286,53,32,2,
2287,53,35,2,
2288,53,55,2,
2289,53,30,2,
2290,53,29,2,
2291,53,36,2,
2292,53,37,2,
2293,54,53,2,
2294,54,29,2,
2295,54,16,2,
2296,54,57,2,
2297,54,34,2,
2298,54,37,2,
2299,54,54,2,
2300,54,46,2,
2301,54,55,2,
2302,54,36,2,
2303,54,45,2,
2304,56,36,2,
2305,56,39,2,
2306,56,16,2,
2307,56,44,2,
2308,56,45,2,
2309,56,28,2,
2310,56,32,2,
2311,56,46,2,
2312,56,17,2,
2313,56,18,2,
2314,56,55,2,
2315,56,37,2,
2316,57,28,2,
2317,57,32,2,
2318,57,53,2,
2319,57,36,2,
2320,57,54,2,
2321,57,45,2,
2322,57,33,2,
2323,57,16,2,
2324,57,46,2,
2325,57,55,2,
2326,58,56,2,
2327,58,39,2,
2328,58,16,2,
2329,58,23,2,
2330,58,45,2,
2331,58,38,2,
2332,58,28,2,
2333,58,32,2,
2334,58,17,2,
2335,58,18,2,
2336,58,46,2,
2337,58,33,2,
2338,60,55,2,
2339,60,30,2,
2340,60,16,2,
2341,60,57,2,
2342,60,33,2,
2343,60,34,2,
2344,60,50,2,
2345,60,36,2,
2346,60,54,2,
2347,60,49,2,
2348,60,28,2,
2349,61,34,2,
2350,61,55,2,
2351,61,16,2,
2352,61,46,2,
2353,61,45,2,
2354,61,44,2,
2355,61,37,2,
2356,61,23,2,
2357,61,53,2,
2358,63,34,2,
2359,63,38,2,
2360,63,16,2,
2361,63,45,2,
2362,63,55,2,
2363,63,29,2,
2364,63,30,2,
2365,63,35,2,
2366,63,57,2,
2367,63,54,2,
2368,63,46,2,
2369,64,28,2,
2370,64,36,2,
2371,64,16,2,
2372,64,57,2,
2373,64,30,2,
2374,64,34,2,
2375,64,29,2,
2376,64,37,2,
2377,64,54,2,
2378,64,53,2,
2379,64,46,2,
2380,65,39,2,
2381,65,38,2,
2382,65,16,2,
2383,65,57,2,
2384,65,34,2,
2385,65,37,2,
2386,65,30,2,
2387,65,29,2,
2388,65,55,2,
2389,65,36,2,
2390,65,45,2,
2391,67,53,2,
2392,67,39,2,
2393,67,16,2,
2394,67,44,2,
2395,67,28,2,
2396,67,45,2,
2397,67,29,2,
2398,67,36,2,
2399,67,17,2,
2400,67,18,2,
2401,67,46,2,
2402,67,32,2,
2403,68,34,2,
2404,68,36,2,
2405,68,16,2,
2406,68,23,2,
2407,68,38,2,
2408,68,30,2,
2409,68,53,2,
2410,68,45,2,
2411,68,46,2,
2412,68,28,2,
2413,68,55,2,
2414,69,54,2,
2415,69,56,2,
2416,69,16,2,
2417,69,29,2,
2418,69,45,2,
2419,69,55,2,
2420,69,33,2,
2421,69,46,2,
2422,69,23,2,
2423,69,57,2,
2424,69,30,2,
2425,69,32,2,
2426,70,45,2,
2427,70,38,2,
2428,70,16,2,
2429,70,54,2,
2430,70,55,2,
2431,70,28,2,
2432,70,46,2,
2433,70,30,2,
2434,70,17,2,
2435,70,18,2,
2436,70,32,2,
2437,70,48,2,
